{
    "Version": "0.9.11.hotfix_D",
    "bpm": 175.58999633789063,
    "startDelayMs": 1200,
    "NoteLegnth": [
        0,
        0,
        0,
        0,
        0,
        0,
        0,
        0,
        0,
        0,
        0,
        0,
        0,
        0,
        0,
        0,
        0,
        0,
        8,
        8,
        0,
        0,
        26,
        0,
        0,
        0,
        0,
        0,
        0,
        0,
        0,
        0,
        0,
        0,
        0,
        0,
        0,
        0,
        0,
        0,
        0,
        0,
        0,
        40,
        0,
        0,
        0,
        0,
        0,
        0,
        0,
        0,
        0,
        0,
        0,
        0,
        0,
        0,
        0,
        0,
        34,
        24,
        0,
        0,
        0,
        0,
        0,
        0,
        0,
        0,
        0,
        0,
        0,
        0,
        0,
        0,
        0,
        0,
        0,
        56,
        24,
        0,
        0,
        8,
        8,
        0,
        0,
        0,
        0,
        0,
        0,
        0,
        0,
        0,
        0,
        0,
        0,
        0,
        0,
        16,
        16
    ],
    "NoteMs": [
        2733.640869140625,
        8200.9228515625,
        13668.205078125,
        16401.845703125,
        19135.486328125,
        21869.126953125,
        23235.947265625,
        25457.03125,
        26823.8515625,
        28190.671875,
        29557.4921875,
        30924.3125,
        32291.1328125,
        33657.953125,
        35537.33203125,
        36220.7421875,
        36904.15234375,
        37587.5625,
        38270.97265625,
        39637.79296875,
        41004.61328125,
        42371.43359375,
        43738.25390625,
        46642.75,
        48009.5703125,
        49376.390625,
        50743.2109375,
        52110.03125,
        53476.8515625,
        54843.671875,
        56210.4921875,
        57577.3125,
        58260.72265625,
        58944.1328125,
        59627.54296875,
        60310.953125,
        60994.36328125,
        61677.7734375,
        62361.18359375,
        63044.59375,
        64411.4140625,
        65778.234375,
        67145.0546875,
        68682.7265625,
        72099.78125,
        72783.1875,
        73466.6015625,
        74150.0078125,
        74833.421875,
        76883.6484375,
        77567.0625,
        79617.2890625,
        80300.703125,
        82350.9296875,
        83034.34375,
        85084.5703125,
        85767.984375,
        87818.2109375,
        88501.625,
        90551.859375,
        91235.265625,
        96873.3984375,
        101486.421875,
        102169.828125,
        104220.0625,
        104903.46875,
        107124.5546875,
        107807.9609375,
        108491.375,
        109174.78125,
        109858.1953125,
        110541.6015625,
        111225.015625,
        111225.015625,
        112591.8359375,
        112591.8359375,
        123697.25,
        125747.484375,
        127797.7109375,
        129164.53125,
        131898.171875,
        136852.90625,
        138732.28125,
        140099.09375,
        142149.328125,
        145566.375,
        146249.796875,
        147787.46875,
        148129.171875,
        148470.875,
        149666.84375,
        151033.65625,
        151717.078125,
        152400.484375,
        153083.890625,
        153767.296875,
        153767.296875,
        154792.421875,
        154792.421875,
        155304.96875,
        155304.96875
    ],
    "NotePos": [
        3200.0,
        9600.0,
        16000.0,
        19200.0,
        22400.0,
        25600.0,
        27200.0,
        29800.0,
        31400.0,
        33000.0,
        34600.0,
        36200.0,
        37800.0,
        39400.0,
        41600.0,
        42400.0,
        43200.0,
        44000.0,
        44800.0,
        46400.0,
        48000.0,
        49600.0,
        51200.0,
        54600.0,
        56200.0,
        57800.0,
        59400.0,
        61000.0,
        62600.0,
        64200.0,
        65800.0,
        67400.0,
        68200.0,
        69000.0,
        69800.0,
        70600.0,
        71400.0,
        72200.0,
        73000.0,
        73800.0,
        75400.0,
        77000.0,
        78600.0,
        80400.0,
        84400.0,
        85200.0,
        86000.0,
        86800.0,
        87600.0,
        90000.0,
        90800.0,
        93200.0,
        94000.0,
        96400.0,
        97200.0,
        99600.0,
        100400.0,
        102800.0,
        103600.0,
        106000.0,
        106800.0,
        113400.0,
        118800.0,
        119600.0,
        122000.0,
        122800.0,
        125400.0,
        126200.0,
        127000.0,
        127800.0,
        128600.0,
        129400.0,
        130200.0,
        130200.0,
        131800.0,
        131800.0,
        144800.0,
        147200.0,
        149600.0,
        151200.0,
        154400.0,
        160200.0,
        162400.0,
        164000.0,
        166400.0,
        170400.0,
        171200.0,
        173000.0,
        173400.0,
        173800.0,
        175200.0,
        176800.0,
        177600.0,
        178400.0,
        179200.0,
        180000.0,
        180000.0,
        181200.0,
        181200.0,
        181800.0,
        181800.0
    ],
    "NoteLine": [
        1,
        4,
        1,
        2,
        2,
        1,
        4,
        4,
        3,
        1,
        2,
        2,
        3,
        3,
        1,
        1,
        4,
        4,
        4,
        1,
        2,
        1,
        5,
        4,
        4,
        1,
        1,
        3,
        3,
        2,
        2,
        1,
        1,
        4,
        4,
        2,
        2,
        3,
        3,
        1,
        5,
        4,
        6,
        1,
        4,
        3,
        4,
        4,
        1,
        1,
        2,
        4,
        3,
        2,
        4,
        3,
        1,
        1,
        4,
        4,
        1,
        4,
        1,
        2,
        4,
        3,
        4,
        3,
        2,
        1,
        2,
        3,
        1,
        4,
        5,
        6,
        1,
        4,
        2,
        4,
        1,
        1,
        1,
        3,
        2,
        4,
        4,
        1,
        3,
        1,
        4,
        4,
        2,
        4,
        2,
        1,
        4,
        1,
        4,
        2,
        3
    ],
    "NotePowered": [
        false,
        false,
        false,
        false,
        false,
        false,
        false,
        false,
        false,
        false,
        false,
        false,
        false,
        false,
        false,
        false,
        false,
        false,
        false,
        false,
        false,
        false,
        false,
        false,
        false,
        false,
        false,
        false,
        false,
        false,
        false,
        false,
        false,
        false,
        false,
        false,
        false,
        false,
        false,
        false,
        false,
        false,
        false,
        false,
        true,
        false,
        false,
        false,
        false,
        false,
        false,
        false,
        false,
        false,
        false,
        false,
        false,
        false,
        false,
        false,
        false,
        false,
        false,
        false,
        false,
        false,
        false,
        false,
        false,
        false,
        false,
        false,
        true,
        false,
        false,
        false,
        false,
        false,
        false,
        false,
        false,
        false,
        false,
        false,
        false,
        false,
        false,
        true,
        true,
        true,
        false,
        false,
        false,
        false,
        false,
        false,
        false,
        false,
        false,
        false,
        false
    ],