{
    "Version": "0.9.11.hotfix_D",
    "bpm": 190.0,
    "startDelayMs": 1020,
    "NoteLegnth": [
        0,
        0,
        0,
        0,
        0,
        0,
        0,
        0,
        0,
        0,
        0,
        0,
        0,
        0,
        0,
        0,
        12,
        14,
        14,
        0,
        0,
        5,
        6,
        6,
        6,
        6,
        6,
        6,
        6,
        8,
        0,
        0,
        0,
        0,
        0,
        0,
        0,
        0,
        4,
        0,
        0,
        0,
        0,
        0,
        0,
        0,
        0,
        0,
        0,
        0,
        0,
        0,
        0,
        0,
        0,
        0,
        0,
        7,
        0,
        0,
        0,
        0,
        0,
        0,
        0,
        0,
        56,
        0,
        0,
        0,
        0,
        56,
        0,
        0,
        0,
        0,
        0,
        0,
        0,
        0,
        0,
        0,
        0,
        0,
        0,
        0,
        0,
        0,
        44,
        28,
        0,
        0,
        0,
        0,
        0,
        0,
        0,
        0,
        0,
        0,
        0,
        0,
        0,
        0,
        0,
        0,
        12,
        0,
        0,
        0,
        0,
        0,
        0,
        0,
        0,
        0,
        0,
        0,
        0,
        0,
        0,
        54,
        0,
        0,
        0,
        54,
        0,
        0,
        0,
        0,
        0,
        0,
        0,
        0,
        0,
        0,
        0,
        0,
        0,
        0,
        0,
        0,
        0,
        0,
        0,
        0,
        30,
        30,
        0,
        0,
        0,
        0,
        0,
        0,
        0,
        0,
        0,
        0,
        0,
        0,
        0,
        0,
        0,
        0,
        0,
        0,
        0,
        0,
        0,
        0,
        0,
        0,
        0,
        0,
        0,
        0,
        0,
        0,
        0,
        10,
        10,
        0,
        0
    ],
    "NoteMs": [
        1263.1578369140625,
        2368.421142578125,
        3789.4736328125,
        5052.63134765625,
        6315.78955078125,
        7421.052734375,
        8684.2109375,
        9947.3681640625,
        11368.4208984375,
        12000.0,
        12631.5791015625,
        13263.158203125,
        13894.7373046875,
        14526.3154296875,
        15157.89453125,
        15789.4736328125,
        16421.052734375,
        17526.31640625,
        18789.474609375,
        20210.525390625,
        20526.31640625,
        20842.10546875,
        21473.68359375,
        22105.263671875,
        22736.841796875,
        23368.421875,
        24000.0,
        24631.578125,
        25263.158203125,
        25894.736328125,
        26526.31640625,
        27157.89453125,
        27789.474609375,
        28421.052734375,
        29052.630859375,
        29684.2109375,
        30315.7890625,
        30631.578125,
        30947.369140625,
        31263.158203125,
        31578.947265625,
        32210.525390625,
        32842.10546875,
        33473.68359375,
        33789.47265625,
        34105.26171875,
        34736.84375,
        35368.421875,
        36000.0,
        36315.7890625,
        36631.578125,
        37263.15625,
        37894.73828125,
        38526.31640625,
        39157.89453125,
        39789.47265625,
        40421.05078125,
        41052.6328125,
        41684.2109375,
        42789.47265625,
        44052.6328125,
        45315.7890625,
        46736.84375,
        47842.10546875,
        49105.26171875,
        50368.421875,
        51789.47265625,
        52736.84375,
        54000.0,
        55263.15625,
        56210.52734375,
        56842.10546875,
        57473.68359375,
        58736.84375,
        60000.0,
        61263.15625,
        61894.73828125,
        61894.73828125,
        62368.421875,
        62368.421875,
        62842.10546875,
        62842.10546875,
        64421.05078125,
        64421.05078125,
        64894.73828125,
        64894.73828125,
        65368.421875,
        65368.421875,
        66947.3671875,
        68210.5234375,
        71684.2109375,
        71684.2109375,
        72631.578125,
        73263.15625,
        73894.734375,
        74526.3125,
        75157.8984375,
        75789.4765625,
        76421.0546875,
        76421.0546875,
        77052.6328125,
        77684.2109375,
        78315.7890625,
        78947.3671875,
        79578.9453125,
        80210.5234375,
        80842.1015625,
        82105.265625,
        83368.421875,
        84631.578125,
        85894.734375,
        86842.1015625,
        87157.8984375,
        87789.4765625,
        88421.0546875,
        89052.6328125,
        89684.2109375,
        90315.7890625,
        90947.3671875,
        91578.9453125,
        92210.5234375,
        92210.5234375,
        93315.7890625,
        94578.9453125,
        95842.1015625,
        97263.15625,
        97263.15625,
        98368.421875,
        99631.578125,
        100894.734375,
        102315.7890625,
        102315.7890625,
        102947.3671875,
        102947.3671875,
        103578.9453125,
        103578.9453125,
        104210.5234375,
        104210.5234375,
        104842.1015625,
        104842.1015625,
        105473.6875,
        105473.6875,
        106105.265625,
        106105.265625,
        106736.84375,
        106736.84375,
        107368.421875,
        107368.421875,
        110210.5234375,
        110526.3125,
        110842.1015625,
        111157.8984375,
        111473.6875,
        111789.4765625,
        112105.265625,
        112421.0546875,
        112421.0546875,
        112894.734375,
        112894.734375,
        113368.421875,
        113368.421875,
        114947.3671875,
        114947.3671875,
        115421.0546875,
        115421.0546875,
        115894.734375,
        115894.734375,
        117473.6875,
        117789.4765625,
        118105.265625,
        118421.0546875,
        118736.84375,
        119052.6328125,
        119368.421875,
        119684.2109375,
        120000.0,
        120315.7890625,
        120631.578125,
        120947.3671875,
        121263.15625,
        121263.15625,
        122526.3125,
        122526.3125
    ],